huc12,Datetime,Developed_pct,Developed_pct_netchange,Cropland_pct,Cropland_pct_netchange,Grass or Shrub_pct,Grass or Shrub_pct_netchange,Tree Cover_pct,Tree Cover_pct_netchange,Water_pct,Water_pct_netchange,Wetland_pct,Wetland_pct_netchange,Ice or Snow_pct,Ice or Snow_pct_netchange,Barren_pct,Barren_pct_netchange
102901060204,1996,10.747480357405381,,64.1271500677894,,0.014701318218200232,,23.304039595550403,,0.07595681079403453,,1.2855486041915092,,0.0,,0.17478233881638053,
102901060204,1997,10.765448635227626,0.01796827782224497,64.29131478789265,0.16416472010324412,0.01796827782224473,0.0032669596040444965,23.29587219654029,-0.00816739901011232,0.06942289158594554,-0.00653391920808899,1.2855486041915092,0.0,0.0,0.0,0.17069863931132492,-0.004083699505055605
102901060204,1998,10.813636289387283,0.048187654159656645,64.17452098204805,-0.11679380584459409,0.018785017723255852,0.0008167399010111237,23.27545369901501,-0.0204184975252808,0.06942289158594554,0.0,1.2855486041915092,0.0,0.0,0.0,0.17559907871739167,0.004900439406066742
102901060204,1999,10.936964014439962,0.12332772505267897,64.07324523432267,-0.1012757477253814,0.022051977327300347,0.003266959604044495,23.242784102974568,-0.03266959604044217,0.06942289158594554,0.0,1.2855486041915092,0.0,0.0,0.0,0.1804995181234584,0.004900439406066742
102901060204,2000,10.78995083225796,-0.1470131821820022,63.74736601381924,-0.3258792205034311,0.015518058119211356,-0.006533919208088991,22.999395612473254,-0.24338849050131373,0.05717179307077868,-0.012251098515166862,1.2847318642904981,-0.0008167399010110543,0.0,0.0,0.17886603832143616,-0.0016334798020222474
102901060204,2001,10.956565772064227,0.16661493980626751,63.82168934481125,0.07432333099200861,0.013067838416177984,-0.002450219703033371,22.86054982930136,-0.13884578317189522,0.06370571227886768,0.006533919208088997,1.2847318642904981,0.0,0.0,0.0,0.1772325585194139,-0.0016334798020222474
102901060204,2002,11.370652901876868,0.41408712981264095,63.85599242065372,0.03430307584247316,0.011434358614155735,-0.0016334798020222491,22.813178915042716,-0.04737091425864293,0.07105637138796779,0.007350659109100113,1.2863653440925205,0.0016334798020223307,0.0,0.0,0.1870334373315474,0.009800878812133484
102901060204,2003,11.605873993368073,0.23522109149120496,63.692644440451495,-0.16334798020222507,0.010617618713144612,-0.0008167399010111237,22.77152518009115,-0.041653734951566435,0.0677894117839233,-0.003266959604044495,1.2863653440925205,0.0,0.0,0.0,0.18294973782649177,-0.004083699505055632
102901060204,2004,11.863147062186576,0.25727306881850254,63.68284356163936,-0.009800878812136204,0.010617618713144612,0.0,22.73558862444666,-0.03593655564448994,0.0677894117839233,0.0,1.2863653440925205,0.0,0.0,0.0,0.17804929842042502,-0.004900439406066742
102901060204,2005,11.944821052287688,0.08167399010111254,63.555432137081624,-0.12741142455773513,0.013067838416177984,0.002450219703033373,22.665348992959704,-0.070239631486956,0.06533919208088992,-0.002450219703033371,1.2863653440925205,0.0,0.0,0.0,0.1804995181234584,0.002450219703033385
102901060204,2006,12.131854489619236,0.1870334373315483,63.27120665152975,-0.28422548555187177,0.013067838416177984,0.0,22.528953429490844,-0.1363955634688594,0.06533919208088992,0.0,1.2863653440925205,0.0,0.0,0.0,0.1870334373315474,0.00653391920808899
102901060204,2007,12.448749571211552,0.3168950815923157,62.93961025171924,-0.3315963998105147,0.013067838416177984,0.0,22.497917313252422,-0.03103611623842184,0.06615593198190103,0.0008167399010111098,1.2863653440925205,0.0,0.0,0.0,0.21480259396592563,0.027769156634378234
102901060204,2008,12.835067544389814,0.38631797317826155,62.83261732468678,-0.10699292703245789,0.01633479802022248,0.0032669596040444965,22.47504859602411,-0.022868717228313074,0.07105637138796779,0.004900439406066756,1.2863653440925205,0.0,0.0,0.0,0.2352210914912037,0.02041849752527808
102901060204,2009,13.004132703899115,0.16906515950930157,62.562276417452104,-0.27034090723467585,0.014701318218200232,-0.0016334798020222491,22.428494421666475,-0.04655417435763454,0.07023963148695667,-0.0008167399010111237,1.2863653440925205,0.0,0.0,0.0,0.21071889446086997,-0.02450219703033374
102901060204,2010,13.299792548065142,0.29565984416602653,62.36952580081348,-0.19275061663862658,0.010617618713144612,-0.00408369950505562,22.416243323151306,-0.01225109851516848,0.07105637138796779,0.0008167399010111237,1.2863653440925205,0.0,0.0,0.0,0.2115356343618811,0.0008167399010111376
102901060204,2011,13.541547558764435,0.2417550106992934,62.318071187049775,-0.05145461376370264,0.012251098515166859,0.0016334798020222474,22.38112350740783,-0.035119815743478,0.07105637138796779,0.0,1.2863653440925205,0.0,0.0,0.0,0.2074519348568255,-0.004083699505055605
102901060204,2012,13.601169571538248,0.05962201277381318,62.288668550613366,-0.029402636436408613,0.010617618713144612,-0.0016334798020222474,22.314150835524917,-0.06697267188291178,0.06942289158594554,-0.0016334798020222474,1.2863653440925205,0.0,0.0,0.0,0.20255149545075876,-0.004900439406066742
102901060204,2013,13.665692023718126,0.06452245217987773,62.32542184615887,0.036753295545501885,0.013067838416177984,0.002450219703033373,22.293732337999643,-0.020418497525273693,0.07023963148695667,0.0008167399010111237,1.2863653440925205,0.0,0.0,0.0,0.20173475554974762,-0.0008167399010111376
102901060204,2014,13.663241804015094,-0.0024502197030322748,62.19392672209608,-0.13149512406278774,0.010617618713144612,-0.002450219703033373,22.270046880870318,-0.023685457129325016,0.07023963148695667,0.0,1.2863653440925205,0.0,0.0,0.0,0.20255149545075876,0.0008167399010111376
102901060204,2015,13.721230336986883,0.0579885329717893,62.10816903248991,-0.0857576896061687,0.017151537921233605,0.006533919208088993,22.30843365621784,0.03838677534752222,0.07023963148695667,0.0,1.2863653440925205,0.0,0.0,0.0,0.20908541465884775,0.00653391920808899
102901060204,2016,13.74736601381924,0.02613567683235729,62.11960339110407,0.01143435861416009,0.017151537921233605,0.0,22.390107646318953,0.08167399010111254,0.07023963148695667,0.0,1.2863653440925205,0.0,0.0,0.0,0.2082686747578366,-0.0008167399010111376
102901060204,2017,13.76125059213643,0.013884578317188812,62.1073522925889,-0.012251098515172032,0.015518058119211356,-0.0016334798020222491,22.37377284829873,-0.016334798020221086,0.07268985118999004,0.002450219703033371,1.2863653440925205,0.0,0.0,0.0,0.21071889446086997,0.0024502197030333572
102901060204,2018,13.780035609859684,0.018785017723255137,62.08121661575655,-0.026135676832346633,0.013067838416177984,-0.002450219703033371,22.352537610872442,-0.02123523742628919,0.07268985118999004,0.0,1.2863653440925205,0.0,0.0,0.0,0.21561933386693677,0.004900439406066798
102901060204,2019,13.81270520590013,0.032669596040445725,62.09101749456868,0.009800878812129099,0.014701318218200232,0.0016334798020222474,22.339469772456262,-0.013067838416180422,0.07350659109100116,0.0008167399010111237,1.2863653440925205,0.0,0.0,0.0,0.22705369248109245,0.011434358614155676
102901060204,2020,13.685293781342395,-0.12741142455773513,61.96687302961499,-0.12414446495369447,0.013884578317189106,-0.0008167399010111254,22.313334095623908,-0.026135676832353738,0.07350659109100116,0.0,1.2855486041915092,-0.0008167399010112764,0.0,0.0,0.25073914961041505,0.0236854571293226
102901060204,2021,13.658341364609027,-0.026952416733367457,61.96687302961499,0.0,0.018785017723255852,0.004900439406066746,22.303533216811775,-0.009800878812132652,0.07350659109100116,0.0,1.2855486041915092,0.0,0.0,0.0,0.31199464218624934,0.06125549257583429
102901060401,1996,35.27574493308711,,41.58630280646559,,0.004559651642614504,,22.16902628639172,,0.11627111688666984,,0.21544354011353534,,0.0,,0.2792786631101384,
102901060401,1997,35.34641953354763,0.07067460046052076,41.625059845427806,0.03875703896221694,0.004559651642614504,0.0,22.173585938034336,0.004559651642615847,0.12425050726124524,0.007979390374575401,0.21544354011353534,0.0,0.0,0.0,0.2747190114675239,-0.0045596516426144595
102901060401,1998,35.38745639833117,0.04103686478353552,41.46661195084695,-0.15844789458085273,0.004559651642614504,0.0,22.16902628639172,-0.004559651642615847,0.12425050726124524,0.0,0.21544354011353534,0.0,0.0,0.0,0.27813875019948475,0.0034197387319608308
102901060401,1999,35.59264072224882,0.20518432391764918,41.397077263297085,-0.06953468754986858,0.004559651642614504,0.0,22.149647766910608,-0.019378519481112022,0.1265303330825525,0.0022798258213072436,0.21544354011353534,0.0,0.0,0.0,0.2735790985568703,-0.0045596516426144595
102901060401,2000,35.578961767320976,-0.013678954927840437,40.97074983471263,-0.4263274285844574,0.0034197387319608785,-0.0011399129106536253,22.035656475845244,-0.11399129106536421,0.12767024599320612,0.0011399129106536288,0.21544354011353534,0.0,0.0,0.0,0.2690194469142558,-0.004559651642614515
102901060401,2001,35.941454072908826,0.36249230558784973,40.38027494699405,-0.5904748877185781,0.007979390374575382,0.004559651642614504,21.912545881494655,-0.1231105943505888,0.12995007181451337,0.0022798258213072575,0.21544354011353534,0.0,0.0,0.0,0.25990014362902675,-0.00911930328522903
102901060401,2002,36.76447119440075,0.8230171214919224,40.391674076100585,0.011399129106536066,0.005699564553268131,-0.0022798258213072515,21.87720858126439,-0.035337300230263935,0.10943163942274811,-0.020518432391765262,0.21544354011353534,0.0,0.0,0.0,0.2507808403437977,-0.00911930328522903
102901060401,2003,36.94229760846272,0.1778264140619683,40.375715295351434,-0.015958780749151913,0.0034197387319608785,-0.0022798258213072523,21.84871075849805,-0.028497822766340164,0.10829172651209448,-0.0011399129106536288,0.21544354011353534,0.0,0.0,0.0,0.2496409274331441,-0.0011399129106536288
102901060401,2004,37.103025328864874,0.1607277204021571,40.1283541937396,-0.2473611016118369,0.0034197387319608785,0.0,21.74497868362857,-0.10373207486948033,0.10829172651209448,0.0,0.21544354011353534,0.0,0.0,0.0,0.253060666165105,0.0034197387319608863
102901060401,2005,37.3777443403324,0.27471901146752487,39.79435971091809,-0.33399448282150956,0.002279825821307252,-0.0011399129106536266,21.422383329913593,-0.32259535371497705,0.11171146524405537,0.0034197387319608863,0.21544354011353534,0.0,0.0,0.0,0.2576203178077195,0.004559651642614515
102901060401,2006,37.869046804824116,0.4913024644917172,39.706586416797755,-0.08777329412033197,0.006839477463921757,0.004559651642614505,21.2673551740647,-0.15502815584889262,0.12311059435059162,0.011399129106536246,0.2143036272028817,-0.0011399129106536288,0.0,0.0,0.253060666165105,-0.004559651642614515
102901060401,2007,38.09588947404418,0.22684266922006202,39.48088366048834,-0.22570275630941694,0.004559651642614504,-0.002279825821307253,20.994915988418487,-0.2724391856462134,0.12995007181451337,0.006839477463921759,0.2143036272028817,0.0,0.0,0.0,0.2450812757905296,-0.007979390374575374
102901060401,2008,38.5279164671819,0.4320269931377254,39.64389120671181,0.16300754622346858,0.0034197387319608785,-0.0011399129106536253,20.982376946401295,-0.012539042017191804,0.12881015890385974,-0.0011399129106536288,0.2143036272028817,0.0,0.0,0.0,0.23596197250530057,-0.00911930328522903
102901060401,2009,38.62822880331942,0.10031233613752022,39.59145521282174,-0.05243599389006448,0.004559651642614504,0.0011399129106536253,20.948179559081687,-0.0341973873196082,0.12995007181451337,0.0011399129106536288,0.2143036272028817,0.0,0.0,0.0,0.23140232086268608,-0.004559651642614487
102901060401,2010,38.7615986138659,0.13336981054647623,39.5458586963956,-0.04559651642614426,0.005699564553268131,0.001139912910653627,20.958438775277568,0.010259216195880327,0.12995007181451337,0.0,0.2143036272028817,0.0,0.0,0.0,0.2268426692200716,-0.004559651642614487
102901060401,2011,38.84823199507558,0.08663338120967978,39.48316348630965,-0.06269521008594836,0.005699564553268131,0.0,20.937920342885803,-0.020518432391764208,0.131089984725167,0.0011399129106536288,0.2143036272028817,0.0,0.0,0.0,0.2143036272028817,-0.012539042017189889
102901060401,2012,38.89838816314434,0.05015616806876011,39.3760116727082,-0.10715181360144754,0.004559651642614504,-0.001139912910653627,20.89916330392358,-0.038757038962224044,0.13222989763582063,0.0011399129106536288,0.2143036272028817,0.0,0.0,0.0,0.21202380138157445,-0.0022798258213072575
102901060401,2013,38.98730137017532,0.08891320703097705,39.38969062763605,0.013678954927847542,0.004559651642614504,0.0,20.903722955566195,0.004559651642615847,0.1265303330825525,-0.005699564553268144,0.2143036272028817,0.0,0.0,0.0,0.2097439755602672,-0.0022798258213072575
102901060401,2014,38.979321979800744,-0.007979390374572404,39.37259193397624,-0.017098693659811204,0.004559651642614504,0.0,20.908282607208807,0.004559651642612295,0.12995007181451337,0.0034197387319608863,0.2143036272028817,0.0,0.0,0.0,0.21202380138157445,0.0022798258213072575
102901060401,2015,39.01009962838839,0.030777648587644535,39.31103663680095,-0.06155529717528907,0.009119303285229008,0.004559651642614504,20.923101475047307,0.014818867838499727,0.13222989763582063,0.0022798258213072575,0.2143036272028817,0.0,0.0,0.0,0.2097439755602672,-0.0022798258213072575
102901060401,2016,39.04999658026127,0.039896951872883335,39.23580238469781,-0.07523425210313661,0.009119303285229008,0.0,20.9527392107243,0.02963773567699235,0.131089984725167,-0.0011399129106536288,0.2143036272028817,0.0,0.0,0.0,0.21658345302418897,0.006839477463921773
102901060401,2017,39.10699222579395,0.05699564553268033,38.980461892711396,-0.2553404919864164,0.009119303285229008,0.0,20.933360691243188,-0.019378519481112022,0.13222989763582063,0.0011399129106536288,0.2143036272028817,0.0,0.0,0.0,0.23026240795203248,0.013678954927843517
102901060401,2018,39.28937829149853,0.18238606570457705,38.89040877276976,-0.09005311994163634,0.011399129106536262,0.002279825821307254,20.939060255796456,0.005699564553268033,0.13792946218908878,0.005699564553268144,0.2143036272028817,0.0,0.0,0.0,0.2485010145224905,0.018238606570458005
102901060401,2019,39.31787611426487,0.028497822766340164,38.879009643663224,-0.011399129106536066,0.009119303285229008,-0.002279825821307254,20.964138339830836,0.025078084034380055,0.13906937509974238,0.001139912910653601,0.2143036272028817,0.0,0.0,0.0,0.2861181405740601,0.03761712605156961
102901060401,2020,39.33041515628206,0.012539042017188251,38.864190775824724,-0.014818867838499727,0.009119303285229008,0.0,20.89004400063835,-0.07409433919248443,0.14134920092104963,0.0022798258213072575,0.2143036272028817,0.0,0.0,0.0,0.3271550053575907,0.04103686478353058
102901060401,2021,39.25974055582154,-0.07067460046052076,38.93144563755329,0.06725486172856421,0.009119303285229008,0.0,20.856986526229395,-0.03305747440895601,0.1447689396530105,0.0034197387319608585,0.2143036272028817,0.0,0.0,0.0,0.33627430864281965,0.009119303285228975
102901060404,1996,7.788075890745826,,46.37467524092057,,0.021497054903478224,,44.2827046980278,,0.021497054903478224,,0.6559672753404212,,0.0,,0.6836063459306074,
102901060404,1997,7.766578835842347,-0.021497054903478308,46.4981297562234,0.12345451530283214,0.026410667452844674,0.004913612549366449,44.213299920767994,-0.06940477725980543,0.02518226431550306,0.003685209412024836,0.6559672753404212,0.0,0.0,0.0,0.678692733381241,-0.004913612549366397
102901060404,1998,7.762893626430321,-0.0036852094120263246,46.58411797583731,0.08598821961390968,0.03685209412024838,0.010441426667403709,44.19548807527654,-0.017811845491451095,0.02518226431550306,0.0,0.6559672753404212,0.0,0.0,0.0,0.6774643302438994,-0.001228403137341627
102901060404,1999,7.719899516623366,-0.04299410980695484,46.55954991309048,-0.02456806274683032,0.042379908238285635,0.0055278141180372525,44.12546909644807,-0.07001897882847175,0.02518226431550306,0.0,0.6559672753404212,0.0,0.0,0.0,0.6829921443619367,0.005527814118037266
102901060404,2000,7.405428313463913,-0.314471203159453,46.413984141315495,-0.14556577177498298,0.025796465884173867,-0.016583442354111768,43.803013272895896,-0.3224558235521755,0.023953861178161447,-0.0012284031373416132,0.6547388722030796,-0.001228403137341627,0.0,0.0,0.6829921443619367,0.0
102901060404,2001,7.437366795034794,0.031938481570881194,47.04661175704643,0.6326276157309323,0.020882853334807418,-0.004913612549366449,43.91909736937468,0.11608409647878659,0.023953861178161447,0.0,0.6547388722030796,0.0,0.0,0.0,0.6848347490679492,0.0018426047060124962
102901060404,2002,7.453336035820235,0.015969240785440597,47.10557510763883,0.05896335059239988,0.01535503921677016,-0.005527814118037258,43.88961569407848,-0.02948167529620349,0.023339659609490644,-0.0006142015686708031,0.6547388722030796,0.0,0.0,0.0,0.6922051678919988,0.0073704188240496515
102901060404,2003,7.4865029205284594,0.03316688470822449,47.1166307358749,0.011055628236071868,0.014126636079428549,-0.0012284031373416115,43.86259082505697,-0.0270248690215098,0.023339659609490644,0.0,0.6547388722030796,0.0,0.0,0.0,0.7044891992654149,0.012284031373416049
102901060404,2004,7.527654425629403,0.04115150510094345,47.129528968816985,0.01289823294208503,0.013512434510757738,-0.0006142015686708101,43.83372335132944,-0.02886747372753007,0.023339659609490644,0.0,0.6547388722030796,0.0,0.0,0.0,0.7143164243641478,0.009827225098732906
102901060404,2005,7.552836689944906,0.025182264315502856,46.9882626080227,-0.14126636079428323,0.011669829804745322,-0.0018426047060124164,43.61199658503928,-0.22172676629016053,0.023339659609490644,0.0,0.6547388722030796,0.0,0.0,0.0,0.713702222795477,-0.000614201568670758
102901060404,2006,7.8132581550613285,0.2604214651164227,46.993790422140734,0.005527814118032381,0.007984620392720482,-0.0036852094120248396,43.37675738423836,-0.23523920080091898,0.02211125647214903,-0.0012284031373416132,0.6547388722030796,0.0,0.0,0.0,0.7229152463255392,0.009213023530062148
102901060404,2007,8.015330471154023,0.2020723160926945,47.0619667962632,0.06817637412246569,0.012898232942086934,0.004913612549366451,43.229349007757364,-0.14740837648099614,0.02026865176613661,-0.0018426047060124198,0.6547388722030796,0.0,0.0,0.0,0.7241436494628807,0.001228403137341516
102901060404,2008,8.093334070375215,0.07800359922119249,47.17989349744799,0.11792670118479265,0.01535503921677016,0.0024568062746832264,43.21153716226591,-0.017811845491451095,0.02026865176613661,0.0,0.6547388722030796,0.0,0.0,0.0,0.7241436494628807,0.0
102901060404,2009,8.128957761358123,0.03562369098290752,47.18112190058533,0.0012284031373397397,0.01658344235411177,0.0012284031373416115,43.144589191280794,-0.06694797098511884,0.02026865176613661,0.0,0.6547388722030796,0.0,0.0,0.0,0.7186158353448434,-0.005527814118037266
102901060404,2010,8.182393297832483,0.05343553647436039,47.205075761763496,0.023953861178164004,0.017197643922782578,0.0006142015686708066,43.1212495316713,-0.02333965960949058,0.02026865176613661,0.0,0.6547388722030796,0.0,0.0,0.0,0.7204584400508559,0.0018426047060124962
102901060404,2011,8.194677329205899,0.01228403137341516,47.18112190058533,-0.023953861178164004,0.015969240785440965,-0.0012284031373416132,43.03280450578271,-0.08844502588859626,0.02026865176613661,0.0,0.6547388722030796,0.0,0.0,0.0,0.7210726416195268,0.0006142015686708691
102901060404,2012,8.22600160920811,0.031324280002211324,47.241927855883745,0.06080595529841304,0.017811845491453385,0.0018426047060124198,42.968313341072275,-0.06449116471043226,0.02026865176613661,0.0,0.6547388722030796,0.0,0.0,0.0,0.7284430604435763,0.0073704188240495405
102901060404,2013,8.230915221757476,0.004913612549366064,47.30580481902551,0.06387696314176594,0.019040248628794998,0.0012284031373416132,42.962785526954235,-0.005527814118039487,0.02026865176613661,0.0,0.6547388722030796,0.0,0.0,0.0,0.7345850761302845,0.0061420156867081355
102901060404,2014,8.221087996658744,-0.009827225098732129,47.213060382156215,-0.09274443686929601,0.01658344235411177,-0.0024568062746832264,42.87495470263431,-0.08783082431992284,0.02026865176613661,0.0,0.6547388722030796,0.0,0.0,0.0,0.7358134792676261,0.001228403137341627
102901060404,2015,8.201433546461278,-0.019654450197466034,47.19279173039008,-0.02026865176613768,0.017811845491453385,0.0012284031373416132,42.944973681462784,0.07001897882847175,0.020882853334807418,0.0006142015686708066,0.6547388722030796,0.0,0.0,0.0,0.7370418824049677,0.001228403137341627
102901060404,2016,8.189763716656532,-0.01166982980474529,47.2007763507828,0.007984620392726072,0.02026865176613661,0.0024568062746832264,43.026662490096,0.08168880863321704,0.02518226431550306,0.004299410980695643,0.6547388722030796,0.0,0.0,0.0,0.7394986886796509,0.002456806274683143
102901060404,2017,8.194063127637229,0.004299410980696194,47.19893374607679,-0.0018426047060131623,0.022725458040819838,0.0024568062746832264,42.99103879911309,-0.035623690982909295,0.026410667452844674,0.0012284031373416132,0.6547388722030796,0.0,0.0,0.0,0.7499401153470546,0.010441426667403775
102901060404,2018,8.186692708813178,-0.007370418824050873,47.211831979018875,0.01289823294208503,0.022725458040819838,0.0,42.950501495580816,-0.04053730353227536,0.026410667452844674,0.0,0.6547388722030796,0.0,0.0,0.0,0.7689803639758496,0.019040248628794942
102901060404,2019,8.192220522931215,0.0055278141180377105,47.25666869353184,0.044836714512968,0.02211125647214903,-0.0006142015686708066,42.9382174642074,-0.012284031373418713,0.026410667452844674,0.0,0.6547388722030796,0.0,0.0,0.0,0.7861780078986321,0.017197643922782557
102901060404,2020,8.18055069312647,-0.01166982980474529,47.24806987157045,-0.008598821961392389,0.021497054903478224,-0.0006142015686708066,42.900136966949816,-0.03808049725758167,0.026410667452844674,0.0,0.6547388722030796,0.0,0.0,0.0,0.7947768298600234,0.008598821961391279
102901060404,2021,8.173180274302421,-0.007370418824049096,47.27140953117994,0.02333965960949058,0.027024869021515477,0.0055278141180372525,42.85100084145615,-0.04913612549366775,0.02763907059018629,0.0012284031373416167,0.6547388722030796,0.0,0.0,0.0,0.8033756518214148,0.00859882196139139
110100020106,1996,20.50821940722943,,61.33000805973327,,0.004562113170820724,,17.43791724326708,,0.03801760975683936,,0.507915266351374,,0.0,,0.028893383415197923,
110100020106,1997,20.524947155522437,0.016727748293007494,61.28134551924451,-0.04866254048875618,0.004562113170820724,0.0,17.407503155461608,-0.030414087805471723,0.03801760975683936,0.0,0.507915266351374,0.0,0.0,0.0,0.027372679024924344,-0.0015207043902735785
110100020106,1998,20.584254626743107,0.05930747122067004,61.22355875241412,-0.057786766830389524,0.007603521951367874,0.0030414087805471493,17.38621329399778,-0.02128986146382772,0.03801760975683936,0.0,0.507915266351374,0.0,0.0,0.0,0.02585197463465077,-0.001520704390273575
110100020106,1999,20.701348864794173,0.11709423805106667,61.13079578460743,-0.09276296780669213,0.006082817561094299,-0.0015207043902735742,17.342112866679845,-0.04410042731793595,0.03801760975683936,0.0,0.507915266351374,0.0,0.0,0.0,0.019769157073556472,-0.006082817561094297
110100020106,2000,20.71655590869691,0.015207043902737638,60.95895618850652,-0.17183959610090938,0.006082817561094299,0.0,17.314740187654923,-0.027372679024921354,0.036496905366565795,-0.0015207043902735681,0.507915266351374,0.0,0.0,0.0,0.019769157073556472,0.0
110100020106,2001,20.803236058942502,0.08668015024559139,60.64112897093934,-0.3178272175671779,0.004562113170820724,-0.001520704390273575,17.036451284234857,-0.27828890342006574,0.03497620097629222,-0.001520704390273575,0.507915266351374,0.0,0.0,0.0,0.033455496586018645,0.013686339512462172
110100020106,2002,21.449535424808772,0.6462993658662697,60.46776867044815,-0.1733603004911899,0.0,-0.004562113170820724,16.928481272525435,-0.10797001170942266,0.03497620097629222,0.0,0.507915266351374,0.0,0.0,0.0,0.036496905366565795,0.00304140878054715
110100020106,2003,21.83275293115771,0.38321750634893803,60.30809470946943,-0.1596739609787221,0.0015207043902735749,0.0015207043902735749,16.93456409008653,0.006082817561093634,0.03497620097629222,0.0,0.507915266351374,0.0,0.0,0.0,0.04257972292766009,0.006082817561094293
110100020106,2004,22.109521130187503,0.27676819902979233,60.19100047141836,-0.11709423805106667,0.0015207043902735749,0.0,16.85092534862148,-0.08363874146504813,0.03497620097629222,0.0,0.507915266351374,0.0,0.0,0.0,0.04105901853738652,-0.0015207043902735681
110100020106,2005,22.275277908727322,0.1657567785398193,59.52493194847853,-0.6660685229398311,0.0,-0.0015207043902735749,16.648671664715096,-0.20225368390638465,0.03497620097629222,0.0,0.507915266351374,0.0,0.0,0.0,0.033455496586018645,-0.007603521951367875
110100020106,2006,23.066044191669583,0.7907662829422613,59.372861509451184,-0.15207043902734796,0.0,0.0,16.589364193494426,-0.05930747122067004,0.033455496586018645,-0.001520704390273575,0.507915266351374,0.0,0.0,0.0,0.04105901853738652,0.007603521951367875
110100020106,2007,23.289587737039795,0.22354354537021237,59.20406332213081,-0.16879818732037677,0.0,0.0,16.33236515153819,-0.25699904195623446,0.036496905366565795,0.00304140878054715,0.507915266351374,0.0,0.0,0.0,0.033455496586018645,-0.007603521951367875
110100020106,2008,23.607414954606973,0.3178272175671779,59.07784485773811,-0.1262184643927,0.0,0.0,16.277619793488345,-0.05474535804984626,0.03801760975683936,0.0015207043902735681,0.507915266351374,0.0,0.0,0.0,0.06691099317203729,0.033455496586018645
110100020106,2009,23.93588710290607,0.3284721482990953,58.95010568895513,-0.12773916878298053,0.0,0.0,16.231998661780136,-0.04562113170820936,0.039538314147112945,0.001520704390273582,0.507915266351374,0.0,0.0,0.0,0.06082817561094299,-0.0060828175610943
110100020106,2010,24.13814078681245,0.2022536839063811,58.930336531881565,-0.019769157073561416,0.0,0.0,16.227436548609315,-0.004562113170820226,0.03801760975683936,-0.001520704390273582,0.507915266351374,0.0,0.0,0.0,0.053224653659575114,-0.007603521951367875
110100020106,2011,24.176158396569292,0.03801760975684232,58.88319469578309,-0.047141836098475665,0.0015207043902735749,0.0015207043902735749,16.21222950470658,-0.015207043902734085,0.03801760975683936,0.0,0.507915266351374,0.0,0.0,0.0,0.03193479219574507,-0.021289861463830044
110100020106,2012,24.22938305022887,0.053224653659576404,58.788911023586124,-0.09428367219696554,0.0015207043902735749,0.0,16.187898234462203,-0.02433127024437809,0.03801760975683936,0.0,0.507915266351374,0.0,0.0,0.0,0.030414087805471494,-0.001520704390273575
110100020106,2013,24.358642923402122,0.12925987317325394,58.81476299822077,0.025851974634647945,0.0015207043902735749,0.0,16.181815416901106,-0.006082817561097187,0.039538314147112945,0.001520704390273582,0.507915266351374,0.0,0.0,0.0,0.030414087805471494,0.0
110100020106,2014,24.30389756535227,-0.054745358049853365,58.73720707431682,-0.07755592390395094,0.0015207043902735749,0.0,16.142277102753997,-0.03953831414710862,0.04105901853738652,0.001520704390273575,0.507915266351374,0.0,0.0,0.0,0.028893383415197923,-0.0015207043902735716
110100020106,2015,24.34951869706048,0.04562113170820936,58.71287580407245,-0.02433127024436743,0.021289861463830044,0.01976915707355647,16.142277102753997,0.0,0.04105901853738652,0.0,0.507915266351374,0.0,0.0,0.0,0.033455496586018645,0.004562113170820722
110100020106,2016,24.460530117550448,0.11101142048996948,58.452835353335665,-0.2600404507367884,0.0015207043902735749,-0.01976915707355647,16.096655971045788,-0.04562113170820936,0.04257972292766009,0.0015207043902735681,0.507915266351374,0.0,0.0,0.0,0.03497620097629222,0.001520704390273575
110100020106,2017,24.757067473653795,0.29653735610334664,58.18062926747669,-0.27220608585897565,0.006082817561094299,0.004562113170820724,15.912650739822688,-0.1840052312231002,0.04410042731793367,0.001520704390273582,0.507915266351374,0.0,0.0,0.0,0.03801760975683936,0.003041408780547143
110100020106,2018,25.04295989902523,0.28589242537143633,58.06505573381591,-0.11557353366077905,0.006082817561094299,0.0,15.85486397299229,-0.057786766830398406,0.04410042731793367,0.0,0.507915266351374,0.0,0.0,0.0,0.04257972292766009,0.004562113170820725
110100020106,2019,25.214799495126144,0.17183959610091293,57.979896287960585,-0.08515944585532509,0.006082817561094299,0.0,15.813804954454906,-0.04105901853738381,0.04410042731793367,0.0,0.507915266351374,0.0,0.0,0.0,0.05170394926930154,0.00912422634164145
110100020106,2020,25.344059368299398,0.12925987317325394,57.81870162259158,-0.16119466536900262,0.006082817561094299,0.0,15.746893961282865,-0.06691099317204063,0.04410042731793367,0.0,0.507915266351374,0.0,0.0,0.0,0.13382198634407458,0.08211803707477304
110100020106,2021,25.50221262488785,0.15815325658845225,57.55561976307425,-0.2630818595173352,0.006082817561094299,0.0,15.614592679329064,-0.13230128195380075,0.04562113170820724,0.0015207043902735681,0.507915266351374,0.0,0.0,0.0,0.1748810048814611,0.04105901853738653
110100020108,1996,36.851657659111076,,39.004060122072545,,0.0040332338468984435,,20.82358635153666,,1.570272377725794,,0.43424484418273235,,0.0,,1.1051060740501735,
110100020108,1997,36.96862144067113,0.11696378156005238,38.94893925949827,-0.055120862574277396,0.0040332338468984435,0.0,20.80745341614907,-0.016132935387592084,1.5743056115726923,0.004033233846898243,0.4355892554650319,0.0013444112822995624,0.0,0.0,1.1024172514855746,-0.002688822564598903
110100020108,1998,37.0640746417144,0.09545320104327004,38.90322927590008,-0.045709983598186454,0.0040332338468984435,0.0,20.80610900486677,-0.0013444112823002285,1.5743056115726923,0.0,0.4355892554650319,0.0,0.0,0.0,1.0997284289209754,-0.002688822564599125
110100020108,1999,37.041219649915305,-0.022854991799093227,38.80105401844533,-0.10217525745475342,0.0040332338468984435,0.0,20.76980990024468,-0.03629910462208841,1.5716167890080932,-0.002688822564599125,0.424833965206636,-0.010755290258395889,0.0,0.0,1.1131725417439702,0.013444112822994736
110100020108,2000,37.07079669812589,0.029577048210583712,38.79567637331613,-0.005377645129200914,0.001344411282299481,-0.0026888225645989626,20.707966981258906,-0.061842918985774986,1.5743056115726923,0.002688822564599125,0.4208007313597376,-0.00403323384689841,0.0,0.0,1.1225834207200667,0.009410878976096493
110100020108,2001,37.10709580274798,0.03629910462208841,38.717700518942756,-0.07797585437337062,0.001344411282299481,0.0,20.642090828426234,-0.06587615283267212,1.5877497243956873,0.013444112822994958,0.4208007313597376,0.0,0.0,0.0,1.1481272350837568,0.02554381436369013
110100020108,2002,37.29531338226991,0.18821757952193252,38.74458874458874,0.026888225645983255,0.001344411282299481,0.0,20.534537925842276,-0.10755290258395789,1.5850609018310882,-0.002688822564599125,0.4208007313597376,0.0,0.0,0.0,1.1508160576483557,0.002688822564598903
110100020108,2003,37.42572127665295,0.13040789438304046,38.666612890215376,-0.07797585437336352,0.001344411282299481,0.0,20.487483530961793,-0.04705439488048313,1.5837164905487886,-0.0013444112822995624,0.4208007313597376,0.0,0.0,0.0,1.1266166545669651,-0.02419940308139057
110100020108,2004,37.609905622327986,0.1841843456750354,38.66795730149767,0.0013444112822966758,0.002688822564598962,0.001344411282299481,20.424296200693718,-0.06318733026807521,1.5810276679841897,-0.002688822564598903,0.4208007313597376,0.0,0.0,0.0,1.1306498884138636,0.004033233846898465
110100020108,2005,37.706703234653546,0.09679761232555961,38.56040439891372,-0.10755290258395434,0.001344411282299481,-0.001344411282299481,20.344975935038047,-0.07932026565567085,1.5796832567018901,-0.0013444112822995624,0.4208007313597376,0.0,0.0,0.0,1.1319942996961632,0.0013444112822995624
110100020108,2006,37.83711112903659,0.13040789438304756,38.36412035169799,-0.1962840472157268,0.001344411282299481,0.0,20.273722137076174,-0.07125379796187303,1.575650022854992,-0.004033233846898243,0.4208007313597376,0.0,0.0,0.0,1.1225834207200667,-0.009410878976096493
110100020108,2007,38.06431663574521,0.22720550670861428,38.36412035169799,0.0,0.002688822564598962,0.001344411282299481,20.198435105267404,-0.07528703180877017,1.5796832567018901,0.004033233846898243,0.4208007313597376,0.0,0.0,0.0,1.121239009437767,-0.0013444112822995624
110100020108,2008,38.11809308703719,0.05377645129198072,38.272700384501626,-0.0914199671963658,0.002688822564598962,0.0,20.140625420128526,-0.05780968513887785,1.5837164905487886,0.004033233846898465,0.4208007313597376,0.0,0.0,0.0,1.1104837191793715,-0.010755290258395611
110100020108,2009,38.28076685219543,0.16267376515823884,38.264633916807824,-0.008066467693801371,0.002688822564598962,0.0,20.117770428329436,-0.022854991799089674,1.5877497243956873,0.004033233846898687,0.4208007313597376,0.0,0.0,0.0,1.0849399048156814,-0.02554381436369013
110100020108,2010,38.3278212470759,0.047054394880476025,38.23909010244414,-0.02554381436368658,0.0040332338468984435,0.0013444112822994813,20.066682799602052,-0.051087628727383816,1.5877497243956873,0.0,0.4208007313597376,0.0,0.0,0.0,1.0728402032749857,-0.012099701540695618
110100020108,2011,38.435374149659864,0.10755290258396144,38.25522303783173,0.016132935387595637,0.0040332338468984435,0.0,20.041138985238362,-0.02554381436369013,1.603882659783281,0.01613293538759364,0.4208007313597376,0.0,0.0,0.0,1.0593960904519912,-0.013444112822994514
110100020108,2012,38.44612943991826,0.010755290258394723,38.22833481218574,-0.02688822564599036,0.001344411282299481,-0.0026888225645989626,20.015595170874672,-0.02554381436369013,1.6052270710655805,0.0013444112822995624,0.4208007313597376,0.0,0.0,0.0,1.0378855099351993,-0.02151058051679189
110100020108,2013,38.486461778387245,0.04033233846898554,38.29286655373612,0.06453174155037544,0.002688822564598962,0.001344411282299481,20.00483988061628,-0.01075529025839117,1.598505014654083,-0.00672205641149759,0.4208007313597376,0.0,0.0,0.0,1.0419187437820978,0.004033233846898465
110100020108,2014,38.42865209324837,-0.05780968513887785,38.30765507784141,0.014788524105291856,0.002688822564598962,0.0,19.995429001640183,-0.009410878976098047,1.590438546960286,-0.00806646769379693,0.42214514264203706,0.0013444112822994514,0.0,0.0,1.0338522760883009,-0.00806646769379693
110100020108,2015,38.425963270683766,-0.002688822564600457,38.338576537334305,0.0309214594928946,0.002688822564598962,0.0,19.928208437525207,-0.0672205641149759,1.593127369524885,0.002688822564599125,0.42214514264203706,0.0,0.0,0.0,1.025785808394504,-0.00806646769379693
110100020108,2016,38.46495119787045,0.03898792718668176,38.357398295286494,0.01882175795218899,0.005377645129197924,0.002688822564598962,19.89863138931462,-0.029577048210587265,1.6025382485009816,0.009410878976096493,0.4208007313597376,-0.0013444112822994514,0.0,0.0,1.0365410986529,0.010755290258396055
110100020108,2017,38.51872764916243,0.05377645129198072,38.360087117851094,0.002688822564600457,0.005377645129197924,0.0,19.870398752386333,-0.028232636928287036,1.6052270710655805,0.002688822564598903,0.4208007313597376,0.0,0.0,0.0,1.0338522760883009,-0.002688822564599125
110100020108,2018,38.52007206044473,0.0013444112823037813,38.308999489123714,-0.05108762872738026,0.006722056411497405,0.0013444112822994809,19.85023258315184,-0.02016616923449277,1.601193837218682,-0.004033233846898465,0.4208007313597376,0.0,0.0,0.0,1.028474630959103,-0.005377645129197806
110100020108,2019,38.564437632760615,0.04436557231588267,38.302277432712216,-0.00672205641149759,0.01344411282299481,0.006722056411497405,19.84754376058724,-0.002688822564600457,1.5917829582425855,-0.009410878976096493,0.4234895539243365,0.002688822564598903,0.0,0.0,1.056707267887392,0.028232636928289034
110100020108,2020,38.56309322147832,-0.0013444112822966758,38.29152214245382,-0.010755290258394723,0.009410878976096368,-0.004033233846898443,19.81527788981205,-0.03226587077518772,1.5716167890080932,-0.020166169234492326,0.424833965206636,0.001344411282299507,0.0,0.0,1.051329622758194,-0.005377645129198028
110100020108,2021,38.57519292301901,0.012099701540691399,38.264633916807824,-0.026888225645997466,0.009410878976096368,0.0,19.842166115458042,0.02688822564599036,1.5501062084913018,-0.021510580516791444,0.4234895539243365,-0.001344411282299507,0.0,0.0,1.0849399048156814,0.033610282057487284
110100020301,1996,74.08243423277902,,16.998350210883086,,0.00207086500031063,,7.770575769498919,,0.040036723339338845,,0.26299985503944995,,0.0,,0.3361704183837589,
110100020301,1997,74.41584349782904,0.33340926505002244,16.898948690868178,-0.09940152001490787,0.0027611533337475063,0.0006902883334368765,7.765053462831424,-0.0055223066674949806,0.040036723339338845,0.0,0.26299985503944995,0.0,0.0,0.0,0.3223646517150213,-0.013805766668737562
110100020301,1998,74.58634471618795,0.17050121835890764,16.689791325836804,-0.2091573650313734,0.00207086500031063,-0.0006902883334368765,7.744344812828318,-0.02070865000310551,0.040036723339338845,0.0,0.26299985503944995,0.0,0.0,0.0,0.3099394617131576,-0.012425190001863706
110100020301,1999,74.79826323455308,0.211918518365124,16.44059723746609,-0.24919408837071444,0.003451441667184383,0.001380576666873753,7.70637895448929,-0.0379658583390281,0.040036723339338845,0.0,0.26299985503944995,0.0,0.0,0.0,0.31132003838003136,0.0013805766668737451
110100020301,2000,74.9093996562364,0.1111364216833266,16.016760200735845,-0.4238370367302444,0.00207086500031063,-0.001380576666873753,7.5966231094728265,-0.10975584501646374,0.036585281672154454,-0.0034514416671843906,0.26299985503944995,0.0,0.0,0.0,0.2864696583763038,-0.02485038000372758
110100020301,2001,75.39329177797566,0.48389212173925955,15.732361407359855,-0.28439879337599017,0.0027611533337475063,0.0006902883334368765,7.461326596119198,-0.13529651335362836,0.03865614667246509,0.0020708650003106385,0.26299985503944995,0.0,0.0,0.0,0.26714158504007124,-0.019328073336232543
110100020301,2002,76.02421531473696,0.6309235367613013,15.53631952066378,-0.1960418866960758,0.003451441667184383,0.0006902883334368765,7.287373936093106,-0.17395266002609233,0.03865614667246509,0.0,0.26299985503944995,0.0,0.0,0.0,0.27956677504193506,0.012425190001863817
110100020301,2003,76.44943292813409,0.4252176133971233,15.425183098980444,-0.11113642168333548,0.00207086500031063,-0.001380576666873753,7.225247986083787,-0.0621259500093192,0.03589499333871758,-0.002761153333747511,0.26299985503944995,0.0,0.0,0.0,0.27956677504193506,0.0
110100020301,2004,76.68275038483574,0.2333174567016556,15.242946978953109,-0.18223612002733525,0.0013805766668737532,-0.0006902883334368767,7.0015945660502386,-0.22365342003354804,0.03382412833840696,-0.0020708650003106246,0.26299985503944995,0.0,0.0,0.0,0.2726638917075662,-0.006902883334368837
110100020301,2005,77.03203628155481,0.34928589671906707,14.8646689722297,-0.3782780067234093,0.0006902883334368766,-0.0006902883334368766,6.666804724333354,-0.3347898417168844,0.03382412833840696,0.0,0.26299985503944995,0.0,0.0,0.0,0.26714158504007124,-0.0055223066674949806
110100020301,2006,77.70092567665515,0.6688893951003365,14.574057583852776,-0.2906113883769237,0.0006902883334368766,0.0,6.550145995982522,-0.11665872835083224,0.03382412833840696,0.0,0.26299985503944995,0.0,0.0,0.0,0.25402610670477055,-0.01311547833530069
110100020301,2007,78.13511703838694,0.4341913617317914,14.486390965506294,-0.08766661834648204,0.00207086500031063,0.0013805766668737534,6.322350845948353,-0.22779515003416861,0.03451441667184383,0.0006902883334368726,0.26299985503944995,0.0,0.0,0.0,0.26714158504007124,0.01311547833530069
110100020301,2008,78.37740824342328,0.24229120503633794,14.493293848840661,0.0069028833343676155,0.0013805766668737532,-0.0006902883334368767,6.274720950941208,-0.04762989500714543,0.03451441667184383,0.0,0.26299985503944995,0.0,0.0,0.0,0.27404446837444,0.006902883334368781
110100020301,2009,78.49682812510785,0.1194198816845784,14.437380493832276,-0.05591335500838568,0.0013805766668737532,0.0,6.255392877604976,-0.019328073336231988,0.03451441667184383,0.0,0.26299985503944995,0.0,0.0,0.0,0.2602387017057025,-0.013805766668737507
110100020301,2010,78.63074406179462,0.13391593668676194,14.379396273823575,-0.057984220008700404,0.0013805766668737532,0.0,6.184293179260977,-0.07109969834399887,0.03451441667184383,0.0,0.26299985503944995,0.0,0.0,0.0,0.25540668337164435,-0.0048320183340581635
110100020301,2011,78.76189884514761,0.13115478335299713,14.342120703817985,-0.03727557000559045,0.0013805766668737532,0.0,6.156681645923502,-0.027611533337474903,0.03451441667184383,0.0,0.26299985503944995,0.0,0.0,0.0,0.24229120503634366,-0.01311547833530069
110100020301,2012,78.80193556848695,0.04003672333934105,14.321412053814878,-0.0207086500031064,0.0013805766668737532,0.0,6.13942443758758,-0.017257208335921703,0.03382412833840696,-0.0006902883334368726,0.26299985503944995,0.0,0.0,0.0,0.23193688003479052,-0.010354325001553144
110100020301,2013,78.84335286849317,0.04141730000621635,14.346262433818607,0.024850380003728745,0.0027611533337475063,0.0013805766668737532,6.1470176092553865,0.007593171667806153,0.03382412833840696,0.0,0.26299985503944995,0.0,0.0,0.0,0.22572428503385863,-0.006212595000931881
110100020301,2014,78.80400643348727,-0.039346435005896296,14.28551706047616,-0.06074537334244745,0.0013805766668737532,-0.0013805766668737532,6.115954634250727,-0.0310629750046596,0.03382412833840696,0.0,0.26299985503944995,0.0,0.0,0.0,0.20984765336481045,-0.01587663166904818
110100020301,2015,78.85163632849441,0.04762989500713388,14.321412053814878,0.035894993338718706,0.00414173000062126,0.0027611533337475068,6.141495302587892,0.025540668337164618,0.03589499333871758,0.0020708650003106246,0.26299985503944995,0.0,0.0,0.0,0.20984765336481045,0.0
110100020301,2016,78.86889353683033,0.017257208335919927,14.265498698806493,-0.05591335500838568,0.004832018334058137,0.0006902883334368769,6.148398185922259,0.0069028833343676155,0.03589499333871758,0.0,0.26299985503944995,0.0,0.0,0.0,0.20777678836449986,-0.00207086500031059
110100020301,2017,78.92273602683841,0.053842490008079835,14.212346497131852,-0.05315220167464041,0.003451441667184383,-0.0013805766668737538,6.143566167588201,-0.004832018334058219,0.03589499333871758,0.0,0.26299985503944995,0.0,0.0,0.0,0.21329909503199485,0.0055223066674949806
110100020301,2018,78.94758640684213,0.02485038000372697,14.072217965444167,-0.1401285316876848,0.003451441667184383,0.0,6.143566167588201,0.0,0.0352047050052807,-0.0006902883334368795,0.26299985503944995,0.0,0.0,0.0,0.23814947503572242,0.02485038000372758
110100020301,2019,79.04629763852361,0.09871123168147733,14.043225855439816,-0.02899211000435109,0.003451441667184383,0.0,6.098697425914805,-0.04486874167339572,0.03589499333871758,0.0006902883334368795,0.26299985503944995,0.0,0.0,0.0,0.2712833150406925,0.03313384000497005
110100020301,2020,79.0179958168527,-0.02830182167090811,13.985931923764555,-0.05729393167526098,0.003451441667184383,0.0,6.023455997570185,-0.07524142834462033,0.037275570005591334,0.001380576666873752,0.26299985503944995,0.0,0.0,0.0,0.28508908170943004,0.013805766668737562
110100020301,2021,79.00280947351709,-0.015186343335614083,13.9231156854218,-0.06281623834275507,0.003451441667184383,0.0,5.981348409230536,-0.04210758833964867,0.037275570005591334,0.0,0.26299985503944995,0.0,0.0,0.0,0.3423830133846908,0.057293931675260756
110100020303,1996,17.569759675022834,,59.7009228588176,,0.016357911094753198,,21.441131967447756,,0.058615848089532296,,0.43484780326885586,,0.0,,0.13086328875802558,
110100020303,1997,18.055044370833844,0.48528469581101064,59.63549121443859,-0.06543164437901083,0.014994751836857098,-0.0013631592578960995,21.402963508226666,-0.038168459221090245,0.058615848089532296,0.0,0.43484780326885586,0.0,0.0,0.0,0.1526738368843632,0.02181054812633762
110100020303,1998,18.21453400400769,0.15948963317384468,59.2060960482013,-0.4293951662372848,0.0190842296105454,0.004089477773688302,21.30617920091604,-0.09678430731062448,0.058615848089532296,0.0,0.43484780326885586,0.0,0.0,0.0,0.12404749246854509,-0.028626344415818114
110100020303,1999,18.682097629466053,0.4675636254583644,58.91301680775365,-0.29307924044765343,0.0190842296105454,0.0,21.1453264084843,-0.16085279243174,0.058615848089532296,0.0,0.43484780326885586,0.0,0.0,0.0,0.10223694434220751,-0.02181054812633758
110100020303,2000,18.962908436592645,0.280810807126592,57.7066208645156,-1.20639594323805,0.016357911094753198,-0.0027263185157922025,20.84543137174716,-0.2998950367371407,0.05725268883163621,-0.001363159257896089,0.43484780326885586,0.0,0.0,0.0,0.081789555473766,-0.02044738886844151
110100020303,2001,20.263362368625526,1.3004539320328803,57.47079431289958,-0.23582655161602162,0.0177210703526493,0.001363159257896103,20.741831268147056,-0.10360010360010463,0.058615848089532296,0.001363159257896089,0.43484780326885586,0.0,0.0,0.0,0.0763369184421816,-0.005452637031584398
110100020303,2002,21.05126841968947,0.7879060510639455,57.13000449842555,-0.3407898144740287,0.0190842296105454,0.0013631592578960995,20.53463106094685,-0.2072002072002057,0.058615848089532296,0.0,0.43484780326885586,0.0,0.0,0.0,0.08315271473166211,0.006815796289480508
110100020303,2003,21.588353167300536,0.5370847476110647,56.80966207281997,-0.3203424256055811,0.0177210703526493,-0.0013631592578960995,20.4473888684415,-0.08724219250535015,0.058615848089532296,0.0,0.43484780326885586,0.0,0.0,0.0,0.0804263962158699,-0.002726318515792206
110100020303,2004,21.99866410392726,0.41031093662672546,56.11308769203506,-0.6965743807849094,0.0177210703526493,0.0,20.287899235267655,-0.15948963317384468,0.058615848089532296,0.0,0.43484780326885586,0.0,0.0,0.0,0.09269482953693481,0.012268433321064906
110100020303,2005,22.813833340149127,0.8151692362218661,54.90941806731281,-1.2036696247222523,0.0190842296105454,0.0013631592578960995,20.01799370220423,-0.2699055330634259,0.05725268883163621,-0.001363159257896089,0.43484780326885586,0.0,0.0,0.0,0.109052740631688,0.016357911094753194
110100020303,2006,24.311945364576943,1.4981120244278152,54.148775201406785,-0.7606428659060214,0.013631592578961,-0.0054526370315844,19.883040935672515,-0.13495276653171473,0.05725268883163621,0.0,0.43348464401095976,-0.001363159257896096,0.0,0.0,0.09269482953693481,-0.016357911094753194
110100020303,2007,25.207540997014682,0.8955956324377397,53.80662222767486,-0.34215297373192755,0.0177210703526493,0.0040894777736883,19.79716190242506,-0.08587903324745483,0.05725268883163621,0.0,0.4321214847530637,-0.0013631592578960405,0.0,0.0,0.0804263962158699,-0.012268433321064906
110100020303,2008,25.632846685478267,0.42530568846358463,53.5476219686746,-0.2590002590002598,0.014994751836857098,-0.0027263185157922025,19.742635532109215,-0.05452637031584473,0.053163211057947905,-0.004089477773688302,0.4321214847530637,0.0,0.0,0.0,0.0722474406684933,-0.008178955547376604
110100020303,2009,25.98045229624177,0.3476056107635017,53.38131653921128,-0.16630542946332127,0.016357911094753198,0.0013631592578960995,19.670388091440724,-0.07224744066849098,0.0518000518000518,-0.001363159257896103,0.4321214847530637,0.0,0.0,0.0,0.1036001036001036,0.031352662931610306
110100020303,2010,26.219005166373588,0.23855287013181936,53.27499011709538,-0.10632642211589882,0.016357911094753198,0.0,19.53407216565111,-0.1363159257896136,0.050436892542155706,-0.001363159257896096,0.4307583254951676,-0.001363159257896096,0.0,0.0,0.0804263962158699,-0.023173707384233702
110100020303,2011,26.397579029157974,0.17857386278438625,53.123679439468916,-0.1513106776264621,0.016357911094753198,0.0,19.44819313240366,-0.08587903324745128,0.0518000518000518,0.001363159257896096,0.4307583254951676,0.0,0.0,0.0,0.0845158739895582,0.004089477773688302
110100020303,2012,26.53253179568969,0.13495276653171473,53.101868891342576,-0.021810548126339313,0.023173707384233702,0.0068157962894805045,19.3991193991194,-0.0490737332842599,0.050436892542155706,-0.001363159257896096,0.4307583254951676,0.0,0.0,0.0,0.095421148052727,0.010905274063168796
110100020303,2013,26.677026677026678,0.14449488133698907,53.16866369497949,0.06679480363691681,0.023173707384233702,0.0,19.39230360282992,-0.006815796289480147,0.050436892542155706,0.0,0.4307583254951676,0.0,0.0,0.0,0.09678430731062311,0.00136315925789611
110100020303,2014,26.666121402963512,-0.010905274063166104,52.979184558131934,-0.18947913684755946,0.023173707384233702,0.0,19.35686146212462,-0.03544214070529961,0.050436892542155706,0.0,0.4307583254951676,0.0,0.0,0.0,0.0872421925053504,-0.009542114805272714
110100020303,2015,26.730189888084627,0.06406848512111551,52.9546476914898,-0.024536866642137056,0.0245368666421298,0.0013631592578960995,19.41002467318257,0.05316321105794941,0.046347414768467404,-0.004089477773688302,0.4307583254951676,0.0,0.0,0.0,0.11450537766327241,0.027263185157922018
110100020303,2016,26.77790046211099,0.04771057402636103,52.917842391526605,-0.036805299963191374,0.0259000259000259,0.0013631592578960995,19.40593519540888,-0.004089477773689509,0.0422579369947791,-0.004089477773688302,0.4307583254951676,0.0,0.0,0.0,0.1036001036001036,-0.01090527406316881
110100020303,2017,26.843332106490003,0.06543164437901439,52.867405498984446,-0.05043689254215877,0.029989503673714196,0.004089477773688295,19.369129895445685,-0.036805299963194926,0.0340789814474025,-0.008178955547376604,0.4307583254951676,0.0,0.0,0.0,0.1213211739527529,0.01772107035264929
110100020303,2018,26.946932210090104,0.10360010360010108,52.77471066944751,-0.09269482953693853,0.0340789814474025,0.004089477773688302,19.321419321419324,-0.04771057402636103,0.0340789814474025,0.0,0.4307583254951676,0.0,0.0,0.0,0.12404749246854509,0.002726318515792192
110100020303,2019,27.106421843263952,0.15948963317384823,52.770621191673825,-0.004089477773682404,0.0436210962526752,0.0095421148052727,19.28052454368244,-0.040894777736884436,0.0340789814474025,0.0,0.4307583254951676,0.0,0.0,0.0,0.13904224430540219,0.014994751836857098
110100020303,2020,27.076432339590234,-0.029989503673718332,52.773347510189616,0.0027263185157906378,0.0422579369947791,-0.001363159257896096,19.21236658078763,-0.06815796289480858,0.0340789814474025,0.0,0.4307583254951676,0.0,0.0,0.0,0.14858435911067489,0.0095421148052727
110100020303,2021,27.035537561853353,-0.04089477773688088,52.64248422143159,-0.13086328875802877,0.0368052999631947,-0.005452637031584405,19.166019166019165,-0.04634741476846571,0.0354421407052986,0.001363159257896103,0.4307583254951676,0.0,0.0,0.0,0.2085633664581033,0.05997900734742842
110100020304,1996,26.08156222769792,,53.655989058866304,,0.012695408301642902,,18.13250543882833,,0.10675684253654256,,0.7911547627978373,,0.0,,0.43914571443410216,
110100020304,1997,26.583030855612815,0.5014686279148961,53.32244605894132,-0.3335429999249868,0.011541280274220819,-0.0011541280274220828,18.094419213923402,-0.038086224904926524,0.11541280274220819,0.008655960205665628,0.7911547627978373,0.0,0.0,0.0,0.4385686504203911,-0.0005770640137110483
110100020304,1998,27.063148115020397,0.48011725940758154,52.97967003479695,-0.3427760241443636,0.013849536329064983,0.0023082560548441638,18.03267336445632,-0.0617458494670835,0.11656693076963028,0.0011541280274220828,0.7911547627978373,0.0,0.0,0.0,0.42125673000905994,-0.017311920411331172
110100020304,1999,27.478057140878636,0.41490902585823974,52.40779959720931,-0.5718704375876413,0.013849536329064983,0.0,17.882636720891448,-0.1500366435648708,0.11714399478334131,0.0005770640137110344,0.7911547627978373,0.0,0.0,0.0,0.40971544973483914,-0.0115412802742208
110100020304,2000,28.135910116509223,0.6578529756305862,51.93864655406224,-0.46915304314707384,0.013272472315353941,-0.0005770640137110414,17.768955110190372,-0.11368161070107519,0.1084880345776757,-0.008655960205665614,0.7911547627978373,0.0,0.0,0.0,0.39875123347432934,-0.010964216260509807
110100020304,2001,28.70489523402831,0.5689851175190874,51.34196236388503,-0.5966841901772071,0.009233024219376655,-0.004039448095977286,17.6189184666255,-0.1500366435648708,0.10387152246798738,-0.004616512109688317,0.7911547627978373,0.0,0.0,0.0,0.3900952732686637,-0.008655960205665614
110100020304,2002,29.537598605813344,0.8327033717850334,51.040157884714155,-0.30180447917087605,0.008655960205665614,-0.0005770640137110414,17.51216162408896,-0.10675684253654083,0.09925501035829905,-0.004616512109688331,0.7911547627978373,0.0,0.0,0.0,0.40856132170741705,0.018466048438753324
110100020304,2003,29.992902112631352,0.4553035068180087,50.67429930002135,-0.36585858469280197,0.008655960205665614,0.0,17.38405341304511,-0.12810821104385184,0.09694675430345488,-0.0023082560548441655,0.7911547627978373,0.0,0.0,0.0,0.41029251374855014,0.0017311920411330894
110100020304,2004,30.468979923942964,0.47607781131161175,49.93911974655349,-0.7351795534678658,0.008078896191954574,-0.0005770640137110396,17.15784431967038,-0.2262090933747274,0.09117611416634447,-0.005770640137110414,0.7911547627978373,0.0,0.0,0.0,0.42010260198163785,0.00981008823308771
110100020304,2005,31.390551153839496,0.9215712298965322,48.99446595610851,-0.9446537904449741,0.006924768164532491,-0.0011541280274220828,16.823147191717975,-0.33469712795240625,0.08829079409778927,-0.0028853200685552,0.7905776987841262,-0.0005770640137110483,0.0,0.0,0.4703071711744984,0.05020456919286054
110100020304,2006,32.47312324356141,1.0825720897219142,48.402975342054695,-0.5914906140538179,0.009233024219376655,0.0023082560548441638,16.44747851879209,-0.3756686729258867,0.08194308994696782,-0.006347704150821448,0.7905776987841262,0.0,0.0,0.0,0.5055080760108719,0.0352009048363735
110100020304,2007,33.30294129527788,0.8298180517164724,48.31756986802546,-0.08540547402923693,0.011541280274220819,0.0023082560548441638,16.364958364831413,-0.08252015396067591,0.08252015396067887,0.0005770640137110483,0.7905776987841262,0.0,0.0,0.0,0.5003144998874726,-0.005193576123399324
110100020304,2008,33.6330219111206,0.33008061584271786,48.21946898569458,-0.09810088233087555,0.010964216260509778,-0.0005770640137110414,16.283015274884445,-0.08194308994696797,0.0830972179743899,0.0005770640137110344,0.7911547627978373,0.0005770640137110483,0.0,0.0,0.48357964348985233,-0.016734856397620235
110100020304,2009,33.913475021784166,0.28045311066356504,48.17214973657028,-0.047319249124299745,0.010387152246798738,-0.0005770640137110396,16.24262079392467,-0.04039448095977605,0.08194308994696782,-0.0011541280274220828,0.7911547627978373,0.0,0.0,0.0,0.4876190915858296,0.004039448095977283
110100020304,2010,34.08717128991119,0.1736962681270242,48.11444333519918,-0.05770640137110661,0.01211834428793186,0.0017311920411331224,16.212613465211696,-0.030007328712972736,0.08367428198810094,0.0017311920411331172,0.7911547627978373,0.0,0.0,0.0,0.47434661927047567,-0.013272472315353945
110100020304,2011,34.168537315844446,0.08136602593325648,47.992682828306144,-0.12176050689303253,0.010387152246798738,-0.0017311920411331224,16.161254767991412,-0.051358697220283744,0.08540547402923405,0.0017311920411331172,0.7911547627978373,0.0,0.0,0.0,0.45703469885914444,-0.017311920411331227
110100020304,2012,34.17719327605011,0.00865596020566528,47.91997276257855,-0.0727100657275912,0.011541280274220819,0.001154128027422081,15.983519051768413,-0.17773571622299933,0.0957926262760328,0.010387152246798745,0.7911547627978373,0.0,0.0,0.0,0.45068699470832296,-0.006347704150821476
110100020304,2013,34.31049506321736,0.13330178716724816,48.12829287152824,0.20832010894968533,0.010964216260509778,-0.0005770640137110414,15.947741082918329,-0.03577796885008411,0.09694675430345488,0.0011541280274220828,0.7911547627978373,0.0,0.0,0.0,0.4853108355309855,0.03462384082266251
110100020304,2014,34.2706776462713,-0.03981741694605745,48.09655435077413,-0.031738520754110766,0.011541280274220819,0.0005770640137110414,15.9096548580134,-0.0380862249049283,0.09348437022118863,-0.0034623840822662483,0.7911547627978373,0.0,0.0,0.0,0.44953286668090087,-0.03577796885008461
110100020304,2015,34.31049506321736,0.03981741694605745,48.10694150302093,0.010387152246799758,0.012695408301642902,0.0011541280274220828,15.939662186726375,0.030007328712974513,0.08713666607036719,-0.006347704150821448,0.7911547627978373,0.0,0.0,0.0,0.4304897542284365,-0.019043112452464372
110100020304,2016,34.38262806493124,0.07213300171387971,47.93382229890762,-0.1731192041133056,0.013272472315353941,0.0005770640137110396,15.948318146932039,0.008655960205663504,0.09406143423489968,0.0069247681645324966,0.7911547627978373,0.0,0.0,0.0,0.42818149817359236,-0.0023082560548441378
110100020304,2017,34.560940845167956,0.17831278023671615,47.76185722282173,-0.17196507608588973,0.005193576123399369,-0.008078896191954572,15.885418169437534,-0.06289997749450471,0.06232291348079243,-0.031738520754107255,0.7911547627978373,0.0,0.0,0.0,0.4316438822558586,0.0034623840822662344
110100020304,2018,34.75771967384342,0.1967788286754626,47.677028812806206,-0.08482841001552544,0.010964216260509778,0.005770640137110409,15.76654298261306,-0.11887518682447329,0.06232291348079243,0.0,0.7911547627978373,0.0,0.0,0.0,0.451264058722034,0.01962017646617542
110100020304,2019,34.99085353538268,0.2331338615392653,47.621630667489946,-0.05539814531626064,0.010964216260509778,0.0,15.724994373625867,-0.0415486089871937,0.06289997749450346,0.0005770640137110344,0.7911547627978373,0.0,0.0,0.0,0.465113595051099,0.013849536329064993
110100020304,2020,35.05259938484976,0.06174584946707995,47.4571674235823,-0.16446324390764744,0.008078896191954574,-0.0028853200685552034,15.619968723130457,-0.1050256504954099,0.06463116953563659,0.001731192041133131,0.7911547627978373,0.0,0.0,0.0,0.4841567075035634,0.019043112452464372
110100020304,2021,35.09472505785067,0.04212567300090342,47.4467802713355,-0.010387152246799758,0.01673485639762019,0.008655960205665615,15.587076074348927,-0.0328926487815302,0.06347704150821451,-0.0011541280274220828,0.7911547627978373,0.0,0.0,0.0,0.605340150382882,0.12118344287931865
